﻿<?xml version="1.0" encoding="UTF-8"?>
<Rules>
<!--  
<Rule>
    <Input>
      <Queue>RNTS.APP.FROM</Queue>
      <MessageKind>CUSTOMS.RECONCILIATION.ACK</MessageKind>
    </Input>
    <Output>
      <Queue>TEST.MSAT.RECONC</Queue>
      <QueueManager>RU.FTS.GNIVC.RNTS.DPC</QueueManager>
      <Description>Сообщения по реконсиляции</Description>
    </Output>
  </Rule>
  <Rule>
    <Input>
      <Queue>RNTS.APP.FROM</Queue>
      <MessageKind>CUSTOMS.RECONCILIATION.REPLY</MessageKind>
    </Input>
    <Output>
      <Queue>TEST.MSAT.RECONC</Queue>
      <QueueManager>RU.FTS.GNIVC.RNTS.DPC</QueueManager>
      <Description>Сообщения по реконсиляции</Description>
    </Output>
  </Rule>
-->

<Rule>
    <Input>
      <Queue>RNTS.APP.FROM</Queue>
      <MessageKind>CUSTOMS.RECONCILIATION.ACK</MessageKind>
    </Input>
    <Output>
      <Queue>MSAT.RECONCILIATION.FROM</Queue>
      <QueueManager>RU.FTS.INT.DPC</QueueManager>
      <Description>Сообщения по реконсиляции</Description>
    </Output>
  </Rule>
  <Rule>
    <Input>
      <Queue>RNTS.APP.FROM</Queue>
      <MessageKind>CUSTOMS.RECONCILIATION.REPLY</MessageKind>
    </Input>
    <Output>
      <Queue>MSAT.RECONCILIATION.FROM</Queue>
      <QueueManager>RU.FTS.INT.DPC</QueueManager>
      <Description>Сообщения по реконсиляции</Description>
    </Output>
  </Rule>

<!-- Сообщения в ПС ПИ (от РТУ) -->
  <Rule>
    <Input>
      <Queue>RNTS.INCOME</Queue>
      <MessageKind>PI.12001</MessageKind>
    </Input>
    <Output>
      <Queue>ADAPTER.PI.TO.INPUT</Queue>
      <QueueManager>RU.FTS.GNIVC.RNTS.DPC</QueueManager>
      <Description>Сообщение адаптеру Подсистемы Предварительного Информирования</Description>
    </Output>
  </Rule>
<!-- Сообщения в АСКТТ -->
  <Rule>
    <Input>
      <Queue>RNTS.APP.FROM</Queue>
      <MessageKind>RNTS.113.002</MessageKind>
    </Input>
    <Output>
      <Queue>ASKTT.IN</Queue>
      <QueueManager>RU.FTS.GNIVC.RNTS.DPC</QueueManager>
      <Sender>WMQ://RU.FTS.GNIVC.RNTS.APP/AS.ASKTT</Sender>
      <Description>Сообщение в АСКТТ</Description>
    </Output>
  </Rule>
<!-- Сообщения в КПС ПП (от AS и РТУ) -->
  <Rule>
    <Input>
      <Queue>RNTS.APP.FROM</Queue>
      <MessageKind>RNTS.PPP.001</MessageKind>
    </Input>
    <Output>
      <Queue>STUB_INPUT</Queue>
      <QueueManager>RU.FTS.GNIVC.RNTS.DPC</QueueManager>
      <Sender>WMQ://RU.FTS.GNIVC.RNTS.APP/AS.INPUT</Sender>
      <Description>Сообщение в КПС ПП (на заглушку)</Description>
    </Output>
  </Rule>

  <Rule>
    <Input>
      <Queue>RNTS.INCOME</Queue>
      <MessageKind>RNTS.PPP.001</MessageKind>
    </Input>
    <Output>
      <Queue>STUB_INPUT</Queue>
      <QueueManager>RU.FTS.GNIVC.RNTS.DPC</QueueManager>
      <Queue>ARCHIVE.LOG</Queue>
      <QueueManager>RU.FTS.GNIVC.RNTS.DPC</QueueManager>
      <Description>Сообщение в КПС ПП (на заглушку)</Description>
    </Output>
  </Rule>

  <Rule>
    <Input>
      <Queue>RNTS.INCOME</Queue>
      <MessageKind>RNTS.PPP.003</MessageKind>
    </Input>
    <Output>
      <Queue>PPP.TO.ANSWER.STUB</Queue>
      <QueueManager>RU.FTS.GNIVC.RNTS.DPC</QueueManager>
      <Description>Сообщение в КПС ПП</Description>
    </Output>
  </Rule>


<!-- Сообщения от КПС ПП -->
  <Rule>
    <Input>
      <Queue>RNTS.INCOME</Queue>
      <MessageKind>PPP.RNTS.002</MessageKind>
    </Input>
    <Output>
      <Queue>Receiver</Queue>
      <QueueManager>Receiver</QueueManager>
      <Queue>ARCHIVE.LOG</Queue>
      <QueueManager>RU.FTS.GNIVC.RNTS.DPC</QueueManager>
      <Description>Сообщение от КПС ПП</Description>
    </Output>
  </Rule>
  <Rule>
    <Input>
      <Queue>RNTS.INCOME</Queue>
      <MessageKind>PPP.RNTS.006</MessageKind>
    </Input>
    <Output>
      <Queue>Receiver</Queue>
      <QueueManager>Receiver</QueueManager>
      <Queue>ARCHIVE.LOG</Queue>
      <QueueManager>RU.FTS.GNIVC.RNTS.DPC</QueueManager>
      <Description>Сообщение от КПС ПП</Description>
    </Output>
  </Rule>
<!-- Сообщения в систему АС Калининградский Транзит -->
  <Rule>
    <Input>
      <Queue>RNTS.APP.FROM</Queue>
      <MessageKind>RNTS.106.001</MessageKind>
    </Input>
    <Output>
          <Queue>ADAPTER.KT.TO.INPUT.TMP</Queue>
<!--      <Queue>TESTQ</Queue> -->
      <QueueManager>RU.FTS.GNIVC.RNTS.DPC</QueueManager>
      <Sender>WMQ://RU.FTS/ADAPTER.KT.FROM.INPUT</Sender>
      <Receiver>WMQ://RU.FTS.INT.KT2/RU.CUSTOMS.FROM</Receiver>
      <Description>Сообщение адаптеру АС Калининградский Транзит</Description>
    </Output>
  </Rule>
  <Rule>
    <Input>
      <Queue>RNTS.APP.FROM</Queue>
      <MessageKind>RNTS.106.010</MessageKind>
    </Input>
    <Output>
      <Queue>Receiver</Queue>
      <QueueManager>Receiver</QueueManager>
      <Description>Сообщение от системы АС Калининградский Транзит</Description>
    </Output>
  </Rule>
  
  <!-- Сообщения в адаптер литовского сегмента NCTS -->
  <Rule>
    <Input>
      <Queue>RNTS.APP.FROM</Queue>
      <MessageKind>RNTS.106.013</MessageKind>
    </Input>
    <Output>
          <Queue>ADAPTER.NCTS.TO.INPUT</Queue>
      	  <QueueManager>RU.FTS.GNIVC.RNTS.DPC</QueueManager>
      	  <Sender>WMQ://RU.FTS.GNIVC.RNTS.DPC/ADAPTER.NCTS.TO.OUTPUT</Sender>
      	  <Receiver>WMQ://RU.FTS.INT.KT2/LT.NCTS.TO</Receiver>
      	  <Description>Сообщение открытия транзита серверу литовского сегмента NCTS</Description>
    </Output>
  </Rule>
  
  <!-- Сообщение от сервера литовского сегмента NCTS об успешном открытии транзита -->
  <Rule>
    <Input>
      <Queue>RNTS.APP.FROM</Queue>
      <MessageKind>RNTS.106.015</MessageKind>
    </Input>
    <Output>
      <Queue>Receiver</Queue>
      <QueueManager>Receiver</QueueManager>
      <Description>Сообщение от сервера литовского сегмента NCTS об успешном открытии транзита</Description>
    </Output>
  </Rule>
  
  <!-- Сообщение от сервера литовского сегмента NCTS об ошибке открытия транзита -->
  <Rule>
    <Input>
      <Queue>RNTS.APP.FROM</Queue>
      <MessageKind>RNTS.106.017</MessageKind>
    </Input>
    <Output>
      <Queue>Receiver</Queue>
      <QueueManager>Receiver</QueueManager>
      <Description>Сообщение от сервера литовского сегмента NCTS об ошибке открытия транзита</Description>
    </Output>
  </Rule>
  
  <!-- Сообщения в систему ПКОП -->
  <!-- Аннулирование : содержит SG_CancelDocument -->
  <Rule>
    <Input>
      <Queue>RNTS.APP.FROM</Queue>
      <MessageKind>RNTS.106.002</MessageKind>
    </Input>
    <Output>
          <Queue>ADAPTER.PKOP.TO.INPUT</Queue>
      	  <QueueManager>RU.FTS.GNIVC.RNTS.DPC</QueueManager>
      	  <Sender>WMQ://RU.FTS.GNIVC.RNTS.DPC/ADAPTER.PKOP.TO.OUTPUT</Sender>
      	  <Receiver>WMQ://RU.FTS.INT.KT2/PKOP.TO.DIRECT</Receiver>
      	  <Description>Сообщение аннулирования адаптеру ПКОП</Description>
    </Output>
  </Rule>
  <!-- Контроль ОКТТ : содержит SG_ConsignmentInfo -->
  <Rule>
    <Input>
      <Queue>RNTS.APP.FROM</Queue>
      <MessageKind>RNTS.106.003</MessageKind>
    </Input>
    <Output>
          <Queue>ADAPTER.PKOP.TO.INPUT</Queue>
      	  <QueueManager>RU.FTS.GNIVC.RNTS.DPC</QueueManager>
      	  <Sender>WMQ://RU.FTS.GNIVC.RNTS.DPC/ADAPTER.PKOP.TO.OUTPUT</Sender>
      	  <Receiver>WMQ://RU.FTS.INT.KT2/PKOP.TO.DIRECT</Receiver>
      	  <Description>Сообщение изменения адаптеру ПКОП</Description>
    </Output>
  </Rule>
  <!-- Изменение статуса транзита (выезд) : содержит SG_ConsignmentInfo -->
  <Rule>
    <Input>
      <Queue>RNTS.APP.FROM</Queue>
      <MessageKind>SG.202.0001</MessageKind>
    </Input>
    <Output>
          <Queue>ADAPTER.PKOP.TO.INPUT</Queue>
      	  <QueueManager>RU.FTS.GNIVC.RNTS.DPC</QueueManager>
      	  <Sender>WMQ://RU.FTS.GNIVC.RNTS.DPC/ADAPTER.PKOP.TO.OUTPUT</Sender>
      	  <Receiver>WMQ://RU.FTS.INT.KT2/PKOP.TO.DIRECT</Receiver>
      	  <Description>Сообщение статуса транзита (выезд) адаптеру ПКОП</Description>
    </Output>
  </Rule>
  <!-- Сообщение статуса транзита (въезд в Калининград) адаптеру ПКОП : содержит SG_ConsignmentStatus -->
  <Rule>
    <Input>
      <Queue>RNTS.APP.FROM</Queue>
      <MessageKind>SG.202.0004</MessageKind>
    </Input>
    <Output>
          <Queue>ADAPTER.PKOP.TO.INPUT</Queue>
      	  <QueueManager>RU.FTS.GNIVC.RNTS.DPC</QueueManager>
      	  <Sender>WMQ://RU.FTS.GNIVC.RNTS.DPC/ADAPTER.PKOP.TO.OUTPUT</Sender>
      	  <Receiver>WMQ://RU.FTS.INT.KT2/PKOP.TO.DIRECT</Receiver>
      	  <Description>Сообщение статуса транзита (въезд в Калининград) адаптеру ПКОП</Description>
    </Output>
  </Rule>
  <!-- Сообщение об открытии транзита адаптеру ПКОП : содержит SG_ConsignmentInfo -->
  <Rule>
    <Input>
      <Queue>RNTS.APP.FROM</Queue>
      <MessageKind>SG.202.0005</MessageKind>
    </Input>
    <Output>
          <Queue>ADAPTER.PKOP.TO.INPUT</Queue>
      	  <QueueManager>RU.FTS.GNIVC.RNTS.DPC</QueueManager>
      	  <Sender>WMQ://RU.FTS.GNIVC.RNTS.DPC/ADAPTER.PKOP.TO.OUTPUT</Sender>
      	  <Receiver>WMQ://RU.FTS.INT.KT2/PKOP.TO.DIRECT</Receiver>
      	  <Description>Сообщение об открытии транзита адаптеру ПКОП</Description>
    </Output>
  </Rule>
  <!-- Изменение статуса транзита (въезд) : содержит SG_ConsignmentStatus -->
  <Rule>
    <Input>
      <Queue>RNTS.APP.FROM</Queue>
      <MessageKind>SG.202.0009</MessageKind>
    </Input>
    <Output>
          <Queue>ADAPTER.PKOP.TO.INPUT</Queue>
      	  <QueueManager>RU.FTS.GNIVC.RNTS.DPC</QueueManager>
      	  <Sender>WMQ://RU.FTS.GNIVC.RNTS.DPC/ADAPTER.PKOP.TO.OUTPUT</Sender>
      	  <Receiver>WMQ://RU.FTS.INT.KT2/PKOP.TO.DIRECT</Receiver>
      	  <Description>Сообщение статуса транзита (въезд) адаптеру ПКОП</Description>
    </Output>
  </Rule>
  <!-- Информация о товарной партии для РБ (DBF) -->
  <Rule>
    <Input>
      <Queue>RNTS.APP.FROM</Queue>
      <MessageKind>SG.202.0006</MessageKind>
    </Input>
    <Output>
          <Queue>RB.TO</Queue>
      	  <QueueManager>RU.FTS.GNIVC.RNTS.DPC</QueueManager>
      	  <Receiver>WMQ://RU.FTS.GNIVC.RNTS.DPC/RB.TO</Receiver>
      	  <Description>Информация о товарной партии для РБ (DBF)</Description>
    </Output>
  </Rule>
  <!-- ответ от сервера ПКОП об успешной обработке : содержит SG_ProcessingResult -->
  <Rule>
    <Input>
      <Queue>RNTS.APP.FROM</Queue>
      <MessageKind>SG.100.0001</MessageKind>
    </Input>
    <Output>
      <Queue>Receiver</Queue>
      <QueueManager>Receiver</QueueManager>
      <Description>Сообщение об успешной обработке от системы ПКОП</Description>
    </Output>
  </Rule>
  <!-- ответ от сервера ПКОП об ошибочной обработке : содержит SG_ProcessingResult -->
  <Rule>
    <Input>
      <Queue>RNTS.APP.FROM</Queue>
      <MessageKind>SG.100.0002</MessageKind>
    </Input>
    <Output>
      <Queue>Receiver</Queue>
      <QueueManager>Receiver</QueueManager>
      <Description>Сообщение об ошибочной обработке от системы ПКОП</Description>
    </Output>
  </Rule>
19:45 01.12.2008  
<!-- Сообщения в систему рисков (от AS и РТУ) -->
  <Rule>
    <Input>
      <Queue>RNTS.APP.FROM</Queue>
      <MessageKind>RNTS.RCS.001</MessageKind>
    </Input>
    <Output>
      <Queue>STUB_INPUT</Queue>
      <QueueManager>RU.FTS.GNIVC.RNTS.DPC</QueueManager>
      <Queue>ARCHIVE.LOG</Queue>
      <QueueManager>RU.FTS.GNIVC.RNTS.DPC</QueueManager>
      <Sender>WMQ://RU.FTS.GNIVC.RNTS.APP/AS.INPUT</Sender>
      <Description>Сообщение в систему рисков от AS (на заглушку)</Description>
    </Output>
  </Rule>
  <Rule>
    <Input>
      <Queue>RNTS.INCOME</Queue>
      <MessageKind>RNTS.RCS.001</MessageKind>
    </Input>
    <Output>
      <Queue>STUB_INPUT</Queue>
      <QueueManager>RU.FTS.GNIVC.RNTS.DPC</QueueManager>
      <Queue>ARCHIVE.LOG</Queue>
      <QueueManager>RU.FTS.GNIVC.RNTS.DPC</QueueManager>
      <Description>Сообщение в систему рисков от РТУ (на заглушку)</Description>
    </Output>
  </Rule>
  <Rule>
    <Input>
      <Queue>RNTS.APP.FROM</Queue>
      <MessageKind>RNTS.RCS.004</MessageKind>
    </Input>
    <Output>
      <Queue>STUB_INPUT</Queue>
      <QueueManager>RU.FTS.GNIVC.RNTS.DPC</QueueManager>
      <Sender>WMQ://RU.FTS.GNIVC.RNTS.APP/AS.INPUT</Sender>
      <Description>Сообщение в систему рисков от AS (на заглушку)</Description>
    </Output>
  </Rule>
  <Rule>
    <Input>
      <Queue>RNTS.INCOME</Queue>
      <MessageKind>RNTS.RCS.004</MessageKind>
    </Input>
    <Output>
      <Queue>STUB_INPUT</Queue>
      <QueueManager>RU.FTS.GNIVC.RNTS.DPC</QueueManager>
      <Description>Сообщение в систему рисков от РТУ (на заглушку)</Description>
    </Output>
  </Rule>
  <Rule>
    <Input>
      <Queue>RNTS.APP.FROM</Queue>
      <MessageKind>RNTS.RCS.005</MessageKind>
    </Input>
    <Output>
      <Queue>STUB_INPUT</Queue>
      <QueueManager>RU.FTS.GNIVC.RNTS.DPC</QueueManager>
      <Sender>WMQ://RU.FTS.GNIVC.RNTS.APP/AS.INPUT</Sender>
      <Description>Сообщение в систему рисков от AS (на заглушку)</Description>
    </Output>
  </Rule>
  <Rule>
    <Input>
      <Queue>RNTS.INCOME</Queue>
      <MessageKind>RNTS.RCS.005</MessageKind>
    </Input>
    <Output>
      <Queue>STUB_INPUT</Queue>
      <QueueManager>RU.FTS.GNIVC.RNTS.DPC</QueueManager>
      <Description>Сообщение в систему рисков от РТУ (на заглушку)</Description>
    </Output>
  </Rule>
<!-- Сообщения из системы рисков -->
  <Rule>
    <Input>
      <Queue>RNTS.INCOME</Queue>
      <MessageKind>RCS.RNTS.003</MessageKind>
    </Input>
    <Output>
      <Queue>Receiver</Queue>
      <QueueManager>Receiver</QueueManager>
      <Queue>ARCHIVE.LOG</Queue>
      <QueueManager>RU.FTS.GNIVC.RNTS.DPC</QueueManager>
      <Description>Сообщение из системы рисков</Description>
    </Output>
  </Rule>
<!-- Сообщения в систему гарантий (от AS и РТУ) -->
  <Rule>
    <Input>
      <Queue>RNTS.APP.FROM</Queue>
      <MessageKind>RNTS.ASG.003</MessageKind>
    </Input>
    <Output>
      <Queue>STUB_INPUT</Queue>
      <QueueManager>RU.FTS.GNIVC.RNTS.DPC</QueueManager>
      <Sender>WMQ://RU.FTS.GNIVC.RNTS.APP/AS.INPUT</Sender>
      <Description>Сообщение в систему гарантий от AS (на заглушку)</Description>
    </Output>
  </Rule>
  <Rule>
    <Input>
      <Queue>RNTS.INCOME</Queue>
      <MessageKind>RNTS.ASG.003</MessageKind>
    </Input>
    <Output>
<!--      <Queue>STUB_INPUT</Queue>-->
<Queue>ASG.TO</Queue>
      <QueueManager>RU.FTS.GNIVC.RNTS.DPC</QueueManager>
      <Description>Сообщение в систему гарантий от РТУ (на заглушку)</Description>
    </Output>
  </Rule>
  <Rule>
    <Input>
      <Queue>RNTS.APP.FROM</Queue>
      <MessageKind>RNTS.ASG.004</MessageKind>
    </Input>
    <Output>
      <Queue>STUB_INPUT</Queue>
      <QueueManager>RU.FTS.GNIVC.RNTS.DPC</QueueManager>
      <Sender>WMQ://RU.FTS.GNIVC.RNTS.APP/AS.INPUT</Sender>
      <Description>Сообщение в систему гарантий от AS (на заглушку)</Description>
    </Output>
  </Rule>
  <Rule>
    <Input>
      <Queue>RNTS.INCOME</Queue>
      <MessageKind>RNTS.ASG.004</MessageKind>
    </Input>
    <Output>
<!--      <Queue>STUB_INPUT</Queue>-->
<Queue>ASG.TO</Queue>
      <QueueManager>RU.FTS.GNIVC.RNTS.DPC</QueueManager>
      <Description>Сообщение в систему гарантий от РТУ (на заглушку)</Description>
    </Output>
  </Rule>
  <Rule>
    <Input>
      <Queue>RNTS.APP.FROM</Queue>
      <MessageKind>RNTS.ASG.005</MessageKind>
    </Input>
    <Output>
<!--      <Queue>STUB_INPUT</Queue>-->
<Queue>ASG.TO</Queue>
      <QueueManager>RU.FTS.GNIVC.RNTS.DPC</QueueManager>
      <Sender>WMQ://RU.FTS.GNIVC.RNTS.APP/AS.INPUT</Sender>
      <Description>Сообщение в систему гарантий от AS (на заглушку)</Description>
    </Output>
  </Rule>
  <Rule>
    <Input>
      <Queue>RNTS.INCOME</Queue>
      <MessageKind>RNTS.ASG.005</MessageKind>
    </Input>
    <Output>
      <Queue>STUB_INPUT</Queue>
      <QueueManager>RU.FTS.GNIVC.RNTS.DPC</QueueManager>
      <Description>Сообщение в систему гарантий от РТУ (на заглушку)</Description>
    </Output>
  </Rule>
<!-- Сообщения из системы гарантий -->
  <Rule>
    <Input>
      <Queue>RNTS.INCOME</Queue>
      <MessageKind>ASG.RNTS.002</MessageKind>
    </Input>
    <Output>
      <Queue>Receiver</Queue>
      <QueueManager>Receiver</QueueManager>
      <Queue>ARCHIVE.LOG</Queue>
      <QueueManager>RU.FTS.GNIVC.RNTS.DPC</QueueManager>
      <Description>Сообщение из системы гарантий</Description>
    </Output>
  </Rule>
<!-- Сообщения в систему МСАТ (от AS и РТУ) -->
  <Rule>
    <Input>
      <Queue>RNTS.APP.FROM</Queue>
      <MessageKind>CUSTOMS.TIRQUERY.INQUIRY</MessageKind>
    </Input>
    <Output>
      <Queue>STUB_INPUT</Queue>
      <QueueManager>RU.FTS.GNIVC.RNTS.DPC</QueueManager>
      <Sender>WMQ://RU.FTS.GNIVC.RNTS.APP/AS.INPUT</Sender>
     <Description>Сообщение в систему МСАТ от AS (на заглушку)</Description>
    </Output>
  </Rule>
  <Rule>
    <Input>
      <Queue>RNTS.INCOME</Queue>
      <MessageKind>CUSTOMS.TIRQUERY.INQUIRY</MessageKind>
    </Input>
    <Output>
      <Queue>STUB_INPUT</Queue>
      <QueueManager>RU.FTS.GNIVC.RNTS.DPC</QueueManager>
      <Queue>ARCHIVE.LOG</Queue>
      <QueueManager>RU.FTS.GNIVC.RNTS.DPC</QueueManager>
      <Description>Сообщение в систему МСАТ от РТУ (на заглушку)</Description>
    </Output>
  </Rule>
  <Rule>
    <Input>
      <Queue>RNTS.APP.FROM</Queue>
      <MessageKind>CUSTOMS.TIRQUERY.ACK</MessageKind>
    </Input>
    <Output>
      <Queue>STUB_INPUT</Queue>
      <QueueManager>RU.FTS.GNIVC.RNTS.DPC</QueueManager>
      <Sender>WMQ://RU.FTS.GNIVC.RNTS.APP/AS.INPUT</Sender>
      <Description>Сообщение в систему МСАТ от AS (на заглушку)</Description>
    </Output>
  </Rule>
  <Rule>
    <Input>
      <Queue>RNTS.INCOME</Queue>
      <MessageKind>CUSTOMS.TIRQUERY.ACK</MessageKind>
    </Input>
    <Output>
      <Queue>STUB_INPUT</Queue>
      <QueueManager>RU.FTS.GNIVC.RNTS.DPC</QueueManager>
      <Description>Сообщение в систему МСАТ от РТУ (на заглушку)</Description>
    </Output>
  </Rule>
  <Rule>
    <Input>
      <Queue>RNTS.APP.FROM</Queue>
      <MessageKind>SafeTIRData</MessageKind>
    </Input>
    <Output>
      <Queue>STUB_INPUT</Queue>
      <QueueManager>RU.FTS.GNIVC.RNTS.DPC</QueueManager>
      <Sender>WMQ://RU.FTS.GNIVC.RNTS.APP/AS.INPUT</Sender>
      <Description>Сообщение в систему МСАТ от AS (на заглушку)</Description>
    </Output>
  </Rule>
  <Rule>
    <Input>
      <Queue>RNTS.INCOME</Queue>
      <MessageKind>SafeTIRData</MessageKind>
    </Input>
    <Output>
      <Queue>STUB_INPUT</Queue>
      <QueueManager>RU.FTS.GNIVC.RNTS.DPC</QueueManager>
      <Description>Сообщение в систему МСАТ от РТУ (на заглушку)</Description>
    </Output>
  </Rule>
<!-- Сообщения из системы МСАТ -->
  <Rule>
    <Input>
      <Queue>RNTS.INCOME</Queue>
      <MessageKind>CUSTOMS.TIRQUERY.INFORMATION</MessageKind>
    </Input>
    <Output>
      <Queue>Receiver</Queue>
      <QueueManager>Receiver</QueueManager>
      <Queue>ARCHIVE.LOG</Queue>
      <QueueManager>RU.FTS.GNIVC.RNTS.DPC</QueueManager>
      <Description>Сообщение из системы МСАТ</Description>
    </Output>
  </Rule>
<!-- Сообщения синхронизации ГНИВЦ - РТУ -->
  <Rule>
    <Input>
      <Queue>RNTS.INCOME</Queue>
      <MessageKind>RNTS.109.002</MessageKind>
    </Input>
    <Output>
      <Queue>AS.SYNCH</Queue>
      <QueueManager>RU.FTS.GNIVC.RNTS.APP</QueueManager>
      <Queue>ARCHIVE.LOG</Queue>
      <QueueManager>RU.FTS.GNIVC.RNTS.DPC</QueueManager>
      <Description>Сообщение списка документов на синхронизацию</Description>
    </Output>
  </Rule>
  <Rule>
    <Input>
      <Queue>RNTS.INCOME</Queue>
      <MessageKind>RNTS.109.003</MessageKind>
    </Input>
    <Output>
      <Queue>AS.SYNCH</Queue>
      <QueueManager>RU.FTS.GNIVC.RNTS.APP</QueueManager>
      <Queue>ARCHIVE.LOG</Queue>
      <QueueManager>RU.FTS.GNIVC.RNTS.DPC</QueueManager>
      <Description>Сообщение запроса документа для восходящей синхронизации</Description>
    </Output>
  </Rule>
  <Rule>
    <Input>
      <Queue>RNTS.INCOME</Queue>
      <MessageKind>RNTS.109.004</MessageKind>
    </Input>
    <Output>
      <Queue>AS.SYNCH</Queue>
      <QueueManager>RU.FTS.GNIVC.RNTS.APP</QueueManager>
      <Queue>ARCHIVE.LOG</Queue>
      <QueueManager>RU.FTS.GNIVC.RNTS.DPC</QueueManager>
      <Description>Сообщение документа для нисходящей синхронизации</Description>
    </Output>
  </Rule>

<!--New Messages -->
  <Rule>
    <Input>
      <Queue>RNTS.INCOME</Queue>
      <MessageKind>RNTS.113.003</MessageKind>
    </Input>
    <Output>
      <Queue>RNTS.ST.FROM</Queue>
      <QueueManager>RU.FTS.GNIVC.RNTS.APP</QueueManager>
      <Queue>ARCHIVE.LOG</Queue>
      <QueueManager>RU.FTS.GNIVC.RNTS.DPC</QueueManager>
      <Description>Сообщение для генерации сообщения в АСКТТ</Description>
    </Output>
  </Rule>
  <Rule>
    <Input>
      <Queue>RNTS.INCOME</Queue>
      <MessageKind>RNTS.113.004</MessageKind>
    </Input>
    <Output>
      <Queue>RNTS.ST.FROM</Queue>
      <QueueManager>RU.FTS.GNIVC.RNTS.APP</QueueManager>
      <Queue>ARCHIVE.LOG</Queue>
      <QueueManager>RU.FTS.GNIVC.RNTS.DPC</QueueManager>
      <Description>Сообщение для генерации сообщения в АСКТТ</Description>
    </Output>
  </Rule>



<!-- Сообщения в ГНИВЦ -->
  <Rule>
    <Input>
      <Queue>RNTS.APP.FROM</Queue>
      <Receiver>GNIVC</Receiver>
    </Input>
    <Output>
      <Queue>RNTS.INCOME</Queue>
      <QueueManager>RU.FTS.GNIVC.RNTS.DPC</QueueManager>
      <Queue>ARCHIVE.LOG</Queue>
      <QueueManager>RU.FTS.GNIVC.RNTS.DPC</QueueManager>
      <Description>Сообщение в ГНИВЦ</Description>
    </Output>
  </Rule>
<!-- Сообщения в РТУ2 -->
  <Rule>
    <Input>
      <Queue>RNTS.APP.FROM</Queue>
      <Receiver>RTU2</Receiver>
    </Input>
    <Output>
      <Queue>RNTS.INCOME</Queue>
      <QueueManager>RU.FTS.YUTU.RNTS.DPC</QueueManager>
      <Queue>ARCHIVE.LOG</Queue>
      <QueueManager>RU.FTS.GNIVC.RNTS.DPC</QueueManager>
      <Description>Сообщение в РТУ2</Description>
    </Output>
  </Rule>
<!-- Сообщения в РТУ1 -->
  <Rule>
    <Input>
      <Queue>RNTS.APP.FROM</Queue>
      <Receiver>RTU1</Receiver>
    </Input>
    <Output>
      <Queue>RNTS.INCOME</Queue>
      <QueueManager>RU.FTS.RTU1</QueueManager>
      <Queue>ARCHIVE.LOG</Queue>
      <QueueManager>RU.FTS.GNIVC.RNTS.DPC</QueueManager>
      <Description>Сообщение в РТУ1</Description>
    </Output>
  </Rule>

<!-- Сообщения в СЗТУ -->
  <Rule>
    <Input>
      <Queue>RNTS.APP.FROM</Queue>
      <Receiver>UZTU</Receiver>
    </Input>
    <Output>
      <Queue>RNTS.INCOME</Queue>
      <QueueManager>RU.FTS.YUTU.RNTS.DPC</QueueManager>
      <Queue>ARCHIVE.LOG</Queue>
      <QueueManager>RU.FTS.GNIVC.RNTS.DPC</QueueManager>
      <Description>Сообщение в СЗТУ</Description>
    </Output>
  </Rule>
<!-- Сообщения клиенту, либо маршрутизатору РТУ -->
  <Rule>
    <Input>
      <Queue>RNTS.APP.FROM</Queue>
    </Input>
    <Output>
      <Queue>Receiver</Queue>
      <QueueManager>Receiver</QueueManager>
      <Queue>ARCHIVE.LOG</Queue>
      <QueueManager>RU.FTS.GNIVC.RNTS.DPC</QueueManager>
      <Sender>WMQ://RU.FTS.GNIVC.RNTS.DPC/RNTS.INCOME</Sender>
      <Description>Исходящее сообщение от сервера приложений</Description>
    </Output>
  </Rule>
<!-- Сообщения от АСКТТ для сервера приложений -->
  <Rule>
    <Input>
      <Queue>RNTS.INCOME</Queue>
      <MessageKind>RNTS.113.001</MessageKind>
    </Input>
    <Output>
      <Queue>AS.ASKTT</Queue>
      <QueueManager>RU.FTS.GNIVC.RNTS.APP</QueueManager>
      <Queue>ARCHIVE.LOG</Queue>
      <QueueManager>RU.FTS.GNIVC.RNTS.DPC</QueueManager>
      <Description>Сообщение от АСКТТ для сервера приложений</Description>
    </Output>
  </Rule>
  <Rule>
    <Input>
      <Queue>RNTS.INCOME</Queue>
      <MessageKind>RNTS.113.005</MessageKind>
    </Input>
    <Output>
      <Queue>AS.ADMIN</Queue>
      <QueueManager>RU.FTS.GNIVC.RNTS.APP</QueueManager>
      <Queue>ARCHIVE.LOG</Queue>
      <QueueManager>RU.FTS.GNIVC.RNTS.DPC</QueueManager>
      <Description>Сообщение выгруженное из InvalidAskttDataset для сервера приложений</Description>
    </Output>
  </Rule>

<!-- Сообщения для сервера приложений -->
  <Rule>
    <Input>
      <Queue>RNTS.INCOME</Queue>
    </Input>
    <Output>
      <Queue>AS.INPUT</Queue>
      <QueueManager>RU.FTS.GNIVC.RNTS.APP</QueueManager>
      <Queue>ARCHIVE.LOG</Queue>
      <QueueManager>RU.FTS.GNIVC.RNTS.DPC</QueueManager>
      <Description>Сообщение для сервера приложений</Description>
    </Output>
  </Rule>
<!-- Сообщения откатов для сервера приложений -->
  <Rule>
    <Input>
      <Queue>AS.BACKOUT</Queue>
    </Input>
    <Output>
      <Queue>ROLLBACK.EXCEPTION</Queue>
      <QueueManager>RU.FTS.GNIVC.RNTS.DPC</QueueManager>
    </Output>
  </Rule>
<!-- Сообщения откатов исходящих сообщений сервера приложений -->
  <Rule>
    <Input>
      <Queue>RNTS.APP.FROM.BACKOUT</Queue>
    </Input>
    <Output>
      <Queue>ROUTER.ERRORS</Queue>
      <QueueManager>RU.FTS.GNIVC.RNTS.DPC</QueueManager>
    </Output>
  </Rule>
    <Default>
    <Queue>ROUTER.ERRORS</Queue>
    <QueueManager>RU.FTS.GNIVC.RNTS.DPC</QueueManager>
    <ReplyToQueue></ReplyToQueue>
    <ReplyToQueueManager></ReplyToQueueManager>
    <Format></Format>
    <MsgType></MsgType>
    <Sender></Sender>
    <Receiver></Receiver>
    <SoftKind></SoftKind>
    <SoftVersion></SoftVersion>
    <MessageKind></MessageKind>
    <Description></Description>
  </Default>
<!-- Таблица адресов зарегистрированных маршрутизаторов -->
<!--  Если при проверке менеджера очередей в адресе получателя
  обнаруживается, что он принадлежит одному из 
  зарегистрированных маршрутизаторов ниже, то сообщение 
  отправляется на вход этому маршрутизатору.
  Если подходящего маршрутизатора не обнаруживается, выполняется 
  посылка напрямую в адрес получателя.
-->
  <Table>
    <Router>
      <Queue>RNTS.INCOME</Queue>
      <QueueManager>RU.FTS.CTU</QueueManager>
    </Router>
    <Router>
      <Queue>RNTS.INCOME</Queue>
      <QueueManager>RU.FTS.YUTU.RNTS.DPC</QueueManager>
    </Router>
    <Router>
      <Queue>RNTS.INCOME</Queue>
      <QueueManager>RU.FTS.UZTU</QueueManager>
    </Router>
    <Router>
      <Queue>RNTS.INCOME</Queue>
      <QueueManager>RU.FTS.PTU</QueueManager>
    </Router>
    <Router>
      <Queue>RNTS.INCOME</Queue>
      <QueueManager>RU.FTS.UTU</QueueManager>
    </Router>
    <Router>
      <Queue>RNTS.INCOME</Queue>
      <QueueManager>RU.FTS.STU</QueueManager>
    </Router>
    <Router>
      <Queue>RNTS.INCOME</Queue>
      <QueueManager>RU.FTS.DVTU</QueueManager>
    </Router>
    <Router>
      <Queue>RNTS.INCOME</Queue>
      <QueueManager>RU.FTS.RTU1</QueueManager>
    </Router>
    <Router>
      <Queue>RNTS.INCOME</Queue>
      <QueueManager>RU.FTS.AUD</QueueManager>
    </Router>
<!-- for test  
    <Router>
      <Queue>RNTS.INCOME</Queue>
      <QueueManager>RU.FTS.GNIVC.RNTS.DPC</QueueManager>
    </Router>
-->


  </Table>
</Rules>